Column Name,Label
GEO_ID,Geography
NAME,Geographic Area Name
DP03_0001E,Estimate_EMPLOYMENT STATUS_Population 16 years and over
DP03_0001M,Margin of Error_EMPLOYMENT STATUS_Population 16 years and over
DP03_0002E,Estimate_EMPLOYMENT STATUS_Population 16 years and over_In labor force
DP03_0002M,Margin of Error_EMPLOYMENT STATUS_Population 16 years and over_In labor force
DP03_0003E,Estimate_EMPLOYMENT STATUS_Population 16 years and over_In labor force_Civilian labor force
DP03_0003M,Margin of Error_EMPLOYMENT STATUS_Population 16 years and over_In labor force_Civilian labor force
DP03_0004E,Estimate_EMPLOYMENT STATUS_Population 16 years and over_In labor force_Civilian labor force_Employed
DP03_0004M,Margin of Error_EMPLOYMENT STATUS_Population 16 years and over_In labor force_Civilian labor force_Employed
DP03_0005E,Estimate_EMPLOYMENT STATUS_Population 16 years and over_In labor force_Civilian labor force_Unemployed
DP03_0005M,Margin of Error_EMPLOYMENT STATUS_Population 16 years and over_In labor force_Civilian labor force_Unemployed
DP03_0006E,Estimate_EMPLOYMENT STATUS_Population 16 years and over_In labor force_Armed Forces
DP03_0006M,Margin of Error_EMPLOYMENT STATUS_Population 16 years and over_In labor force_Armed Forces
DP03_0007E,Estimate_EMPLOYMENT STATUS_Population 16 years and over_Not in labor force
DP03_0007M,Margin of Error_EMPLOYMENT STATUS_Population 16 years and over_Not in labor force
DP03_0008E,Estimate_EMPLOYMENT STATUS_Civilian labor force
DP03_0008M,Margin of Error_EMPLOYMENT STATUS_Civilian labor force
DP03_0009E,Estimate_EMPLOYMENT STATUS_Civilian labor force_Unemployment Rate
DP03_0009M,Margin of Error_EMPLOYMENT STATUS_Civilian labor force_Unemployment Rate
DP03_0010E,Estimate_EMPLOYMENT STATUS_Females 16 years and over
DP03_0010M,Margin of Error_EMPLOYMENT STATUS_Females 16 years and over
DP03_0011E,Estimate_EMPLOYMENT STATUS_Females 16 years and over_In labor force
DP03_0011M,Margin of Error_EMPLOYMENT STATUS_Females 16 years and over_In labor force
DP03_0012E,Estimate_EMPLOYMENT STATUS_Females 16 years and over_In labor force_Civilian labor force
DP03_0012M,Margin of Error_EMPLOYMENT STATUS_Females 16 years and over_In labor force_Civilian labor force
DP03_0013E,Estimate_EMPLOYMENT STATUS_Females 16 years and over_In labor force_Civilian labor force_Employed
DP03_0013M,Margin of Error_EMPLOYMENT STATUS_Females 16 years and over_In labor force_Civilian labor force_Employed
DP03_0014E,Estimate_EMPLOYMENT STATUS_Own children of the householder under 6 years
DP03_0014M,Margin of Error_EMPLOYMENT STATUS_Own children of the householder under 6 years
DP03_0015E,Estimate_EMPLOYMENT STATUS_Own children of the householder under 6 years_All parents in family in labor force
DP03_0015M,Margin of Error_EMPLOYMENT STATUS_Own children of the householder under 6 years_All parents in family in labor force
DP03_0016E,Estimate_EMPLOYMENT STATUS_Own children of the householder 6 to 17 years
DP03_0016M,Margin of Error_EMPLOYMENT STATUS_Own children of the householder 6 to 17 years
DP03_0017E,Estimate_EMPLOYMENT STATUS_Own children of the householder 6 to 17 years_All parents in family in labor force
DP03_0017M,Margin of Error_EMPLOYMENT STATUS_Own children of the householder 6 to 17 years_All parents in family in labor force
DP03_0018E,Estimate_COMMUTING TO WORK_Workers 16 years and over
DP03_0018M,Margin of Error_COMMUTING TO WORK_Workers 16 years and over
DP03_0019E,"Estimate_COMMUTING TO WORK_Workers 16 years and over_Car, truck, or van -- drove alone"
DP03_0019M,"Margin of Error_COMMUTING TO WORK_Workers 16 years and over_Car, truck, or van -- drove alone"
DP03_0020E,"Estimate_COMMUTING TO WORK_Workers 16 years and over_Car, truck, or van -- carpooled"
DP03_0020M,"Margin of Error_COMMUTING TO WORK_Workers 16 years and over_Car, truck, or van -- carpooled"
DP03_0021E,Estimate_COMMUTING TO WORK_Workers 16 years and over_Public transportation (excluding taxicab)
DP03_0021M,Margin of Error_COMMUTING TO WORK_Workers 16 years and over_Public transportation (excluding taxicab)
DP03_0022E,Estimate_COMMUTING TO WORK_Workers 16 years and over_Walked
DP03_0022M,Margin of Error_COMMUTING TO WORK_Workers 16 years and over_Walked
DP03_0023E,Estimate_COMMUTING TO WORK_Workers 16 years and over_Other means
DP03_0023M,Margin of Error_COMMUTING TO WORK_Workers 16 years and over_Other means
DP03_0024E,Estimate_COMMUTING TO WORK_Workers 16 years and over_Worked from home
DP03_0024M,Margin of Error_COMMUTING TO WORK_Workers 16 years and over_Worked from home
DP03_0025E,Estimate_COMMUTING TO WORK_Workers 16 years and over_Mean travel time to work (minutes)
DP03_0025M,Margin of Error_COMMUTING TO WORK_Workers 16 years and over_Mean travel time to work (minutes)
DP03_0026E,Estimate_OCCUPATION_Civilian employed population 16 years and over
DP03_0026M,Margin of Error_OCCUPATION_Civilian employed population 16 years and over
DP03_0027E,"Estimate_OCCUPATION_Civilian employed population 16 years and over_Management, business, science, and arts occupations"
DP03_0027M,"Margin of Error_OCCUPATION_Civilian employed population 16 years and over_Management, business, science, and arts occupations"
DP03_0028E,Estimate_OCCUPATION_Civilian employed population 16 years and over_Service occupations
DP03_0028M,Margin of Error_OCCUPATION_Civilian employed population 16 years and over_Service occupations
DP03_0029E,Estimate_OCCUPATION_Civilian employed population 16 years and over_Sales and office occupations
DP03_0029M,Margin of Error_OCCUPATION_Civilian employed population 16 years and over_Sales and office occupations
DP03_0030E,"Estimate_OCCUPATION_Civilian employed population 16 years and over_Natural resources, construction, and maintenance occupations"
DP03_0030M,"Margin of Error_OCCUPATION_Civilian employed population 16 years and over_Natural resources, construction, and maintenance occupations"
DP03_0031E,"Estimate_OCCUPATION_Civilian employed population 16 years and over_Production, transportation, and material moving occupations"
DP03_0031M,"Margin of Error_OCCUPATION_Civilian employed population 16 years and over_Production, transportation, and material moving occupations"
DP03_0032E,Estimate_INDUSTRY_Civilian employed population 16 years and over
DP03_0032M,Margin of Error_INDUSTRY_Civilian employed population 16 years and over
DP03_0033E,"Estimate_INDUSTRY_Civilian employed population 16 years and over_Agriculture, forestry, fishing and hunting, and mining"
DP03_0033M,"Margin of Error_INDUSTRY_Civilian employed population 16 years and over_Agriculture, forestry, fishing and hunting, and mining"
DP03_0034E,Estimate_INDUSTRY_Civilian employed population 16 years and over_Construction
DP03_0034M,Margin of Error_INDUSTRY_Civilian employed population 16 years and over_Construction
DP03_0035E,Estimate_INDUSTRY_Civilian employed population 16 years and over_Manufacturing
DP03_0035M,Margin of Error_INDUSTRY_Civilian employed population 16 years and over_Manufacturing
DP03_0036E,Estimate_INDUSTRY_Civilian employed population 16 years and over_Wholesale trade
DP03_0036M,Margin of Error_INDUSTRY_Civilian employed population 16 years and over_Wholesale trade
DP03_0037E,Estimate_INDUSTRY_Civilian employed population 16 years and over_Retail trade
DP03_0037M,Margin of Error_INDUSTRY_Civilian employed population 16 years and over_Retail trade
DP03_0038E,"Estimate_INDUSTRY_Civilian employed population 16 years and over_Transportation and warehousing, and utilities"
DP03_0038M,"Margin of Error_INDUSTRY_Civilian employed population 16 years and over_Transportation and warehousing, and utilities"
DP03_0039E,Estimate_INDUSTRY_Civilian employed population 16 years and over_Information
DP03_0039M,Margin of Error_INDUSTRY_Civilian employed population 16 years and over_Information
DP03_0040E,"Estimate_INDUSTRY_Civilian employed population 16 years and over_Finance and insurance, and real estate and rental and leasing"
DP03_0040M,"Margin of Error_INDUSTRY_Civilian employed population 16 years and over_Finance and insurance, and real estate and rental and leasing"
DP03_0041E,"Estimate_INDUSTRY_Civilian employed population 16 years and over_Professional, scientific, and management, and administrative and waste management services"
DP03_0041M,"Margin of Error_INDUSTRY_Civilian employed population 16 years and over_Professional, scientific, and management, and administrative and waste management services"
DP03_0042E,"Estimate_INDUSTRY_Civilian employed population 16 years and over_Educational services, and health care and social assistance"
DP03_0042M,"Margin of Error_INDUSTRY_Civilian employed population 16 years and over_Educational services, and health care and social assistance"
DP03_0043E,"Estimate_INDUSTRY_Civilian employed population 16 years and over_Arts, entertainment, and recreation, and accommodation and food services"
DP03_0043M,"Margin of Error_INDUSTRY_Civilian employed population 16 years and over_Arts, entertainment, and recreation, and accommodation and food services"
DP03_0044E,"Estimate_INDUSTRY_Civilian employed population 16 years and over_Other services, except public administration"
DP03_0044M,"Margin of Error_INDUSTRY_Civilian employed population 16 years and over_Other services, except public administration"
DP03_0045E,Estimate_INDUSTRY_Civilian employed population 16 years and over_Public administration
DP03_0045M,Margin of Error_INDUSTRY_Civilian employed population 16 years and over_Public administration
DP03_0046E,Estimate_CLASS OF WORKER_Civilian employed population 16 years and over
DP03_0046M,Margin of Error_CLASS OF WORKER_Civilian employed population 16 years and over
DP03_0047E,Estimate_CLASS OF WORKER_Civilian employed population 16 years and over_Private wage and salary workers
DP03_0047M,Margin of Error_CLASS OF WORKER_Civilian employed population 16 years and over_Private wage and salary workers
DP03_0048E,Estimate_CLASS OF WORKER_Civilian employed population 16 years and over_Government workers
DP03_0048M,Margin of Error_CLASS OF WORKER_Civilian employed population 16 years and over_Government workers
DP03_0049E,Estimate_CLASS OF WORKER_Civilian employed population 16 years and over_Self-employed in own not incorporated business workers
DP03_0049M,Margin of Error_CLASS OF WORKER_Civilian employed population 16 years and over_Self-employed in own not incorporated business workers
DP03_0050E,Estimate_CLASS OF WORKER_Civilian employed population 16 years and over_Unpaid family workers
DP03_0050M,Margin of Error_CLASS OF WORKER_Civilian employed population 16 years and over_Unpaid family workers
DP03_0051E,Estimate_INCOME AND BENEFITS (IN 2019 INFLATION-ADJUSTED DOLLARS)_Total households
DP03_0051M,Margin of Error_INCOME AND BENEFITS (IN 2019 INFLATION-ADJUSTED DOLLARS)_Total households
DP03_0052E,"Estimate_INCOME AND BENEFITS (IN 2019 INFLATION-ADJUSTED DOLLARS)_Total households_Less than $10,000"
DP03_0052M,"Margin of Error_INCOME AND BENEFITS (IN 2019 INFLATION-ADJUSTED DOLLARS)_Total households_Less than $10,000"
DP03_0053E,"Estimate_INCOME AND BENEFITS (IN 2019 INFLATION-ADJUSTED DOLLARS)_Total households_$10,000 to $14,999"
DP03_0053M,"Margin of Error_INCOME AND BENEFITS (IN 2019 INFLATION-ADJUSTED DOLLARS)_Total households_$10,000 to $14,999"
DP03_0054E,"Estimate_INCOME AND BENEFITS (IN 2019 INFLATION-ADJUSTED DOLLARS)_Total households_$15,000 to $24,999"
DP03_0054M,"Margin of Error_INCOME AND BENEFITS (IN 2019 INFLATION-ADJUSTED DOLLARS)_Total households_$15,000 to $24,999"
DP03_0055E,"Estimate_INCOME AND BENEFITS (IN 2019 INFLATION-ADJUSTED DOLLARS)_Total households_$25,000 to $34,999"
DP03_0055M,"Margin of Error_INCOME AND BENEFITS (IN 2019 INFLATION-ADJUSTED DOLLARS)_Total households_$25,000 to $34,999"
DP03_0056E,"Estimate_INCOME AND BENEFITS (IN 2019 INFLATION-ADJUSTED DOLLARS)_Total households_$35,000 to $49,999"
DP03_0056M,"Margin of Error_INCOME AND BENEFITS (IN 2019 INFLATION-ADJUSTED DOLLARS)_Total households_$35,000 to $49,999"
DP03_0057E,"Estimate_INCOME AND BENEFITS (IN 2019 INFLATION-ADJUSTED DOLLARS)_Total households_$50,000 to $74,999"
DP03_0057M,"Margin of Error_INCOME AND BENEFITS (IN 2019 INFLATION-ADJUSTED DOLLARS)_Total households_$50,000 to $74,999"
DP03_0058E,"Estimate_INCOME AND BENEFITS (IN 2019 INFLATION-ADJUSTED DOLLARS)_Total households_$75,000 to $99,999"
DP03_0058M,"Margin of Error_INCOME AND BENEFITS (IN 2019 INFLATION-ADJUSTED DOLLARS)_Total households_$75,000 to $99,999"
DP03_0059E,"Estimate_INCOME AND BENEFITS (IN 2019 INFLATION-ADJUSTED DOLLARS)_Total households_$100,000 to $149,999"
DP03_0059M,"Margin of Error_INCOME AND BENEFITS (IN 2019 INFLATION-ADJUSTED DOLLARS)_Total households_$100,000 to $149,999"
DP03_0060E,"Estimate_INCOME AND BENEFITS (IN 2019 INFLATION-ADJUSTED DOLLARS)_Total households_$150,000 to $199,999"
DP03_0060M,"Margin of Error_INCOME AND BENEFITS (IN 2019 INFLATION-ADJUSTED DOLLARS)_Total households_$150,000 to $199,999"
DP03_0061E,"Estimate_INCOME AND BENEFITS (IN 2019 INFLATION-ADJUSTED DOLLARS)_Total households_$200,000 or more"
DP03_0061M,"Margin of Error_INCOME AND BENEFITS (IN 2019 INFLATION-ADJUSTED DOLLARS)_Total households_$200,000 or more"
DP03_0062E,Estimate_INCOME AND BENEFITS (IN 2019 INFLATION-ADJUSTED DOLLARS)_Total households_Median household income (dollars)
DP03_0062M,Margin of Error_INCOME AND BENEFITS (IN 2019 INFLATION-ADJUSTED DOLLARS)_Total households_Median household income (dollars)
DP03_0063E,Estimate_INCOME AND BENEFITS (IN 2019 INFLATION-ADJUSTED DOLLARS)_Total households_Mean household income (dollars)
DP03_0063M,Margin of Error_INCOME AND BENEFITS (IN 2019 INFLATION-ADJUSTED DOLLARS)_Total households_Mean household income (dollars)
DP03_0064E,Estimate_INCOME AND BENEFITS (IN 2019 INFLATION-ADJUSTED DOLLARS)_Total households_With earnings
DP03_0064M,Margin of Error_INCOME AND BENEFITS (IN 2019 INFLATION-ADJUSTED DOLLARS)_Total households_With earnings
DP03_0065E,Estimate_INCOME AND BENEFITS (IN 2019 INFLATION-ADJUSTED DOLLARS)_Total households_With earnings_Mean earnings (dollars)
DP03_0065M,Margin of Error_INCOME AND BENEFITS (IN 2019 INFLATION-ADJUSTED DOLLARS)_Total households_With earnings_Mean earnings (dollars)
DP03_0066E,Estimate_INCOME AND BENEFITS (IN 2019 INFLATION-ADJUSTED DOLLARS)_Total households_With Social Security
DP03_0066M,Margin of Error_INCOME AND BENEFITS (IN 2019 INFLATION-ADJUSTED DOLLARS)_Total households_With Social Security
DP03_0067E,Estimate_INCOME AND BENEFITS (IN 2019 INFLATION-ADJUSTED DOLLARS)_Total households_With Social Security_Mean Social Security income (dollars)
DP03_0067M,Margin of Error_INCOME AND BENEFITS (IN 2019 INFLATION-ADJUSTED DOLLARS)_Total households_With Social Security_Mean Social Security income (dollars)
DP03_0068E,Estimate_INCOME AND BENEFITS (IN 2019 INFLATION-ADJUSTED DOLLARS)_Total households_With retirement income
DP03_0068M,Margin of Error_INCOME AND BENEFITS (IN 2019 INFLATION-ADJUSTED DOLLARS)_Total households_With retirement income
DP03_0069E,Estimate_INCOME AND BENEFITS (IN 2019 INFLATION-ADJUSTED DOLLARS)_Total households_With retirement income_Mean retirement income (dollars)
DP03_0069M,Margin of Error_INCOME AND BENEFITS (IN 2019 INFLATION-ADJUSTED DOLLARS)_Total households_With retirement income_Mean retirement income (dollars)
DP03_0070E,Estimate_INCOME AND BENEFITS (IN 2019 INFLATION-ADJUSTED DOLLARS)_Total households_With Supplemental Security Income
DP03_0070M,Margin of Error_INCOME AND BENEFITS (IN 2019 INFLATION-ADJUSTED DOLLARS)_Total households_With Supplemental Security Income
DP03_0071E,Estimate_INCOME AND BENEFITS (IN 2019 INFLATION-ADJUSTED DOLLARS)_Total households_With Supplemental Security Income_Mean Supplemental Security Income (dollars)
DP03_0071M,Margin of Error_INCOME AND BENEFITS (IN 2019 INFLATION-ADJUSTED DOLLARS)_Total households_With Supplemental Security Income_Mean Supplemental Security Income (dollars)
DP03_0072E,Estimate_INCOME AND BENEFITS (IN 2019 INFLATION-ADJUSTED DOLLARS)_Total households_With cash public assistance income
DP03_0072M,Margin of Error_INCOME AND BENEFITS (IN 2019 INFLATION-ADJUSTED DOLLARS)_Total households_With cash public assistance income
DP03_0073E,Estimate_INCOME AND BENEFITS (IN 2019 INFLATION-ADJUSTED DOLLARS)_Total households_With cash public assistance income_Mean cash public assistance income (dollars)
DP03_0073M,Margin of Error_INCOME AND BENEFITS (IN 2019 INFLATION-ADJUSTED DOLLARS)_Total households_With cash public assistance income_Mean cash public assistance income (dollars)
DP03_0074E,Estimate_INCOME AND BENEFITS (IN 2019 INFLATION-ADJUSTED DOLLARS)_Total households_With Food Stamp/SNAP benefits in the past 12 months
DP03_0074M,Margin of Error_INCOME AND BENEFITS (IN 2019 INFLATION-ADJUSTED DOLLARS)_Total households_With Food Stamp/SNAP benefits in the past 12 months
DP03_0075E,Estimate_INCOME AND BENEFITS (IN 2019 INFLATION-ADJUSTED DOLLARS)_Families
DP03_0075M,Margin of Error_INCOME AND BENEFITS (IN 2019 INFLATION-ADJUSTED DOLLARS)_Families
DP03_0076E,"Estimate_INCOME AND BENEFITS (IN 2019 INFLATION-ADJUSTED DOLLARS)_Families_Less than $10,000"
DP03_0076M,"Margin of Error_INCOME AND BENEFITS (IN 2019 INFLATION-ADJUSTED DOLLARS)_Families_Less than $10,000"
DP03_0077E,"Estimate_INCOME AND BENEFITS (IN 2019 INFLATION-ADJUSTED DOLLARS)_Families_$10,000 to $14,999"
DP03_0077M,"Margin of Error_INCOME AND BENEFITS (IN 2019 INFLATION-ADJUSTED DOLLARS)_Families_$10,000 to $14,999"
DP03_0078E,"Estimate_INCOME AND BENEFITS (IN 2019 INFLATION-ADJUSTED DOLLARS)_Families_$15,000 to $24,999"
DP03_0078M,"Margin of Error_INCOME AND BENEFITS (IN 2019 INFLATION-ADJUSTED DOLLARS)_Families_$15,000 to $24,999"
DP03_0079E,"Estimate_INCOME AND BENEFITS (IN 2019 INFLATION-ADJUSTED DOLLARS)_Families_$25,000 to $34,999"
DP03_0079M,"Margin of Error_INCOME AND BENEFITS (IN 2019 INFLATION-ADJUSTED DOLLARS)_Families_$25,000 to $34,999"
DP03_0080E,"Estimate_INCOME AND BENEFITS (IN 2019 INFLATION-ADJUSTED DOLLARS)_Families_$35,000 to $49,999"
DP03_0080M,"Margin of Error_INCOME AND BENEFITS (IN 2019 INFLATION-ADJUSTED DOLLARS)_Families_$35,000 to $49,999"
DP03_0081E,"Estimate_INCOME AND BENEFITS (IN 2019 INFLATION-ADJUSTED DOLLARS)_Families_$50,000 to $74,999"
DP03_0081M,"Margin of Error_INCOME AND BENEFITS (IN 2019 INFLATION-ADJUSTED DOLLARS)_Families_$50,000 to $74,999"
DP03_0082E,"Estimate_INCOME AND BENEFITS (IN 2019 INFLATION-ADJUSTED DOLLARS)_Families_$75,000 to $99,999"
DP03_0082M,"Margin of Error_INCOME AND BENEFITS (IN 2019 INFLATION-ADJUSTED DOLLARS)_Families_$75,000 to $99,999"
DP03_0083E,"Estimate_INCOME AND BENEFITS (IN 2019 INFLATION-ADJUSTED DOLLARS)_Families_$100,000 to $149,999"
DP03_0083M,"Margin of Error_INCOME AND BENEFITS (IN 2019 INFLATION-ADJUSTED DOLLARS)_Families_$100,000 to $149,999"
DP03_0084E,"Estimate_INCOME AND BENEFITS (IN 2019 INFLATION-ADJUSTED DOLLARS)_Families_$150,000 to $199,999"
DP03_0084M,"Margin of Error_INCOME AND BENEFITS (IN 2019 INFLATION-ADJUSTED DOLLARS)_Families_$150,000 to $199,999"
DP03_0085E,"Estimate_INCOME AND BENEFITS (IN 2019 INFLATION-ADJUSTED DOLLARS)_Families_$200,000 or more"
DP03_0085M,"Margin of Error_INCOME AND BENEFITS (IN 2019 INFLATION-ADJUSTED DOLLARS)_Families_$200,000 or more"
DP03_0086E,Estimate_INCOME AND BENEFITS (IN 2019 INFLATION-ADJUSTED DOLLARS)_Families_Median family income (dollars)
DP03_0086M,Margin of Error_INCOME AND BENEFITS (IN 2019 INFLATION-ADJUSTED DOLLARS)_Families_Median family income (dollars)
DP03_0087E,Estimate_INCOME AND BENEFITS (IN 2019 INFLATION-ADJUSTED DOLLARS)_Families_Mean family income (dollars)
DP03_0087M,Margin of Error_INCOME AND BENEFITS (IN 2019 INFLATION-ADJUSTED DOLLARS)_Families_Mean family income (dollars)
DP03_0088E,Estimate_INCOME AND BENEFITS (IN 2019 INFLATION-ADJUSTED DOLLARS)_Per capita income (dollars)
DP03_0088M,Margin of Error_INCOME AND BENEFITS (IN 2019 INFLATION-ADJUSTED DOLLARS)_Per capita income (dollars)
DP03_0089E,Estimate_INCOME AND BENEFITS (IN 2019 INFLATION-ADJUSTED DOLLARS)_Nonfamily households
DP03_0089M,Margin of Error_INCOME AND BENEFITS (IN 2019 INFLATION-ADJUSTED DOLLARS)_Nonfamily households
DP03_0090E,Estimate_INCOME AND BENEFITS (IN 2019 INFLATION-ADJUSTED DOLLARS)_Nonfamily households_Median nonfamily income (dollars)
DP03_0090M,Margin of Error_INCOME AND BENEFITS (IN 2019 INFLATION-ADJUSTED DOLLARS)_Nonfamily households_Median nonfamily income (dollars)
DP03_0091E,Estimate_INCOME AND BENEFITS (IN 2019 INFLATION-ADJUSTED DOLLARS)_Nonfamily households_Mean nonfamily income (dollars)
DP03_0091M,Margin of Error_INCOME AND BENEFITS (IN 2019 INFLATION-ADJUSTED DOLLARS)_Nonfamily households_Mean nonfamily income (dollars)
DP03_0092E,Estimate_INCOME AND BENEFITS (IN 2019 INFLATION-ADJUSTED DOLLARS)_Median earnings for workers (dollars)
DP03_0092M,Margin of Error_INCOME AND BENEFITS (IN 2019 INFLATION-ADJUSTED DOLLARS)_Median earnings for workers (dollars)
DP03_0093E,"Estimate_INCOME AND BENEFITS (IN 2019 INFLATION-ADJUSTED DOLLARS)_Median earnings for male full-time, year-round workers (dollars)"
DP03_0093M,"Margin of Error_INCOME AND BENEFITS (IN 2019 INFLATION-ADJUSTED DOLLARS)_Median earnings for male full-time, year-round workers (dollars)"
DP03_0094E,"Estimate_INCOME AND BENEFITS (IN 2019 INFLATION-ADJUSTED DOLLARS)_Median earnings for female full-time, year-round workers (dollars)"
DP03_0094M,"Margin of Error_INCOME AND BENEFITS (IN 2019 INFLATION-ADJUSTED DOLLARS)_Median earnings for female full-time, year-round workers (dollars)"
DP03_0095E,Estimate_HEALTH INSURANCE COVERAGE_Civilian noninstitutionalized population
DP03_0095M,Margin of Error_HEALTH INSURANCE COVERAGE_Civilian noninstitutionalized population
DP03_0096E,Estimate_HEALTH INSURANCE COVERAGE_Civilian noninstitutionalized population_With health insurance coverage
DP03_0096M,Margin of Error_HEALTH INSURANCE COVERAGE_Civilian noninstitutionalized population_With health insurance coverage
DP03_0097E,Estimate_HEALTH INSURANCE COVERAGE_Civilian noninstitutionalized population_With health insurance coverage_With private health insurance
DP03_0097M,Margin of Error_HEALTH INSURANCE COVERAGE_Civilian noninstitutionalized population_With health insurance coverage_With private health insurance
DP03_0098E,Estimate_HEALTH INSURANCE COVERAGE_Civilian noninstitutionalized population_With health insurance coverage_With public coverage
DP03_0098M,Margin of Error_HEALTH INSURANCE COVERAGE_Civilian noninstitutionalized population_With health insurance coverage_With public coverage
DP03_0099E,Estimate_HEALTH INSURANCE COVERAGE_Civilian noninstitutionalized population_No health insurance coverage
DP03_0099M,Margin of Error_HEALTH INSURANCE COVERAGE_Civilian noninstitutionalized population_No health insurance coverage
DP03_0100E,Estimate_HEALTH INSURANCE COVERAGE_Civilian noninstitutionalized population under 19 years
DP03_0100M,Margin of Error_HEALTH INSURANCE COVERAGE_Civilian noninstitutionalized population under 19 years
DP03_0101E,Estimate_HEALTH INSURANCE COVERAGE_Civilian noninstitutionalized population under 19 years_No health insurance coverage
DP03_0101M,Margin of Error_HEALTH INSURANCE COVERAGE_Civilian noninstitutionalized population under 19 years_No health insurance coverage
DP03_0102E,Estimate_HEALTH INSURANCE COVERAGE_Civilian noninstitutionalized population 19 to 64 years
DP03_0102M,Margin of Error_HEALTH INSURANCE COVERAGE_Civilian noninstitutionalized population 19 to 64 years
DP03_0103E,Estimate_HEALTH INSURANCE COVERAGE_Civilian noninstitutionalized population 19 to 64 years_In labor force:
DP03_0103M,Margin of Error_HEALTH INSURANCE COVERAGE_Civilian noninstitutionalized population 19 to 64 years_In labor force:
DP03_0104E,Estimate_HEALTH INSURANCE COVERAGE_Civilian noninstitutionalized population 19 to 64 years_In labor force:_Employed:
DP03_0104M,Margin of Error_HEALTH INSURANCE COVERAGE_Civilian noninstitutionalized population 19 to 64 years_In labor force:_Employed:
DP03_0105E,Estimate_HEALTH INSURANCE COVERAGE_Civilian noninstitutionalized population 19 to 64 years_In labor force:_Employed:_With health insurance coverage
DP03_0105M,Margin of Error_HEALTH INSURANCE COVERAGE_Civilian noninstitutionalized population 19 to 64 years_In labor force:_Employed:_With health insurance coverage
DP03_0106E,Estimate_HEALTH INSURANCE COVERAGE_Civilian noninstitutionalized population 19 to 64 years_In labor force:_Employed:_With health insurance coverage_With private health insurance
DP03_0106M,Margin of Error_HEALTH INSURANCE COVERAGE_Civilian noninstitutionalized population 19 to 64 years_In labor force:_Employed:_With health insurance coverage_With private health insurance
DP03_0107E,Estimate_HEALTH INSURANCE COVERAGE_Civilian noninstitutionalized population 19 to 64 years_In labor force:_Employed:_With health insurance coverage_With public coverage
DP03_0107M,Margin of Error_HEALTH INSURANCE COVERAGE_Civilian noninstitutionalized population 19 to 64 years_In labor force:_Employed:_With health insurance coverage_With public coverage
DP03_0108E,Estimate_HEALTH INSURANCE COVERAGE_Civilian noninstitutionalized population 19 to 64 years_In labor force:_Employed:_No health insurance coverage
DP03_0108M,Margin of Error_HEALTH INSURANCE COVERAGE_Civilian noninstitutionalized population 19 to 64 years_In labor force:_Employed:_No health insurance coverage
DP03_0109E,Estimate_HEALTH INSURANCE COVERAGE_Civilian noninstitutionalized population 19 to 64 years_In labor force:_Unemployed:
DP03_0109M,Margin of Error_HEALTH INSURANCE COVERAGE_Civilian noninstitutionalized population 19 to 64 years_In labor force:_Unemployed:
DP03_0110E,Estimate_HEALTH INSURANCE COVERAGE_Civilian noninstitutionalized population 19 to 64 years_In labor force:_Unemployed:_With health insurance coverage
DP03_0110M,Margin of Error_HEALTH INSURANCE COVERAGE_Civilian noninstitutionalized population 19 to 64 years_In labor force:_Unemployed:_With health insurance coverage
DP03_0111E,Estimate_HEALTH INSURANCE COVERAGE_Civilian noninstitutionalized population 19 to 64 years_In labor force:_Unemployed:_With health insurance coverage_With private health insurance
DP03_0111M,Margin of Error_HEALTH INSURANCE COVERAGE_Civilian noninstitutionalized population 19 to 64 years_In labor force:_Unemployed:_With health insurance coverage_With private health insurance
DP03_0112E,Estimate_HEALTH INSURANCE COVERAGE_Civilian noninstitutionalized population 19 to 64 years_In labor force:_Unemployed:_With health insurance coverage_With public coverage
DP03_0112M,Margin of Error_HEALTH INSURANCE COVERAGE_Civilian noninstitutionalized population 19 to 64 years_In labor force:_Unemployed:_With health insurance coverage_With public coverage
DP03_0113E,Estimate_HEALTH INSURANCE COVERAGE_Civilian noninstitutionalized population 19 to 64 years_In labor force:_Unemployed:_No health insurance coverage
DP03_0113M,Margin of Error_HEALTH INSURANCE COVERAGE_Civilian noninstitutionalized population 19 to 64 years_In labor force:_Unemployed:_No health insurance coverage
DP03_0114E,Estimate_HEALTH INSURANCE COVERAGE_Civilian noninstitutionalized population 19 to 64 years_Not in labor force:
DP03_0114M,Margin of Error_HEALTH INSURANCE COVERAGE_Civilian noninstitutionalized population 19 to 64 years_Not in labor force:
DP03_0115E,Estimate_HEALTH INSURANCE COVERAGE_Civilian noninstitutionalized population 19 to 64 years_Not in labor force:_With health insurance coverage
DP03_0115M,Margin of Error_HEALTH INSURANCE COVERAGE_Civilian noninstitutionalized population 19 to 64 years_Not in labor force:_With health insurance coverage
DP03_0116E,Estimate_HEALTH INSURANCE COVERAGE_Civilian noninstitutionalized population 19 to 64 years_Not in labor force:_With health insurance coverage_With private health insurance
DP03_0116M,Margin of Error_HEALTH INSURANCE COVERAGE_Civilian noninstitutionalized population 19 to 64 years_Not in labor force:_With health insurance coverage_With private health insurance
DP03_0117E,Estimate_HEALTH INSURANCE COVERAGE_Civilian noninstitutionalized population 19 to 64 years_Not in labor force:_With health insurance coverage_With public coverage
DP03_0117M,Margin of Error_HEALTH INSURANCE COVERAGE_Civilian noninstitutionalized population 19 to 64 years_Not in labor force:_With health insurance coverage_With public coverage
DP03_0118E,Estimate_HEALTH INSURANCE COVERAGE_Civilian noninstitutionalized population 19 to 64 years_Not in labor force:_No health insurance coverage
DP03_0118M,Margin of Error_HEALTH INSURANCE COVERAGE_Civilian noninstitutionalized population 19 to 64 years_Not in labor force:_No health insurance coverage
DP03_0119E,Estimate_PERCENTAGE OF FAMILIES AND PEOPLE WHOSE INCOME IN THE PAST 12 MONTHS IS BELOW THE POVERTY LEVEL_All families
DP03_0119M,Margin of Error_PERCENTAGE OF FAMILIES AND PEOPLE WHOSE INCOME IN THE PAST 12 MONTHS IS BELOW THE POVERTY LEVEL_All families
DP03_0120E,Estimate_PERCENTAGE OF FAMILIES AND PEOPLE WHOSE INCOME IN THE PAST 12 MONTHS IS BELOW THE POVERTY LEVEL_All families_With related children of the householder under 18 years
DP03_0120M,Margin of Error_PERCENTAGE OF FAMILIES AND PEOPLE WHOSE INCOME IN THE PAST 12 MONTHS IS BELOW THE POVERTY LEVEL_All families_With related children of the householder under 18 years
DP03_0121E,Estimate_PERCENTAGE OF FAMILIES AND PEOPLE WHOSE INCOME IN THE PAST 12 MONTHS IS BELOW THE POVERTY LEVEL_All families_With related children of the householder under 18 years_With related children of the householder under 5 years only
DP03_0121M,Margin of Error_PERCENTAGE OF FAMILIES AND PEOPLE WHOSE INCOME IN THE PAST 12 MONTHS IS BELOW THE POVERTY LEVEL_All families_With related children of the householder under 18 years_With related children of the householder under 5 years only
DP03_0122E,Estimate_PERCENTAGE OF FAMILIES AND PEOPLE WHOSE INCOME IN THE PAST 12 MONTHS IS BELOW THE POVERTY LEVEL_All families_Married couple families
DP03_0122M,Margin of Error_PERCENTAGE OF FAMILIES AND PEOPLE WHOSE INCOME IN THE PAST 12 MONTHS IS BELOW THE POVERTY LEVEL_All families_Married couple families
DP03_0123E,Estimate_PERCENTAGE OF FAMILIES AND PEOPLE WHOSE INCOME IN THE PAST 12 MONTHS IS BELOW THE POVERTY LEVEL_All families_Married couple families_With related children of the householder under 18 years
DP03_0123M,Margin of Error_PERCENTAGE OF FAMILIES AND PEOPLE WHOSE INCOME IN THE PAST 12 MONTHS IS BELOW THE POVERTY LEVEL_All families_Married couple families_With related children of the householder under 18 years
DP03_0124E,Estimate_PERCENTAGE OF FAMILIES AND PEOPLE WHOSE INCOME IN THE PAST 12 MONTHS IS BELOW THE POVERTY LEVEL_All families_Married couple families_With related children of the householder under 18 years_With related children of the householder under 5 years only
DP03_0124M,Margin of Error_PERCENTAGE OF FAMILIES AND PEOPLE WHOSE INCOME IN THE PAST 12 MONTHS IS BELOW THE POVERTY LEVEL_All families_Married couple families_With related children of the householder under 18 years_With related children of the householder under 5 years only
DP03_0125E,"Estimate_PERCENTAGE OF FAMILIES AND PEOPLE WHOSE INCOME IN THE PAST 12 MONTHS IS BELOW THE POVERTY LEVEL_All families_Families with female householder, no spouse present"
DP03_0125M,"Margin of Error_PERCENTAGE OF FAMILIES AND PEOPLE WHOSE INCOME IN THE PAST 12 MONTHS IS BELOW THE POVERTY LEVEL_All families_Families with female householder, no spouse present"
DP03_0126E,"Estimate_PERCENTAGE OF FAMILIES AND PEOPLE WHOSE INCOME IN THE PAST 12 MONTHS IS BELOW THE POVERTY LEVEL_All families_Families with female householder, no spouse present_With related children of the householder under 18 years"
DP03_0126M,"Margin of Error_PERCENTAGE OF FAMILIES AND PEOPLE WHOSE INCOME IN THE PAST 12 MONTHS IS BELOW THE POVERTY LEVEL_All families_Families with female householder, no spouse present_With related children of the householder under 18 years"
DP03_0127E,"Estimate_PERCENTAGE OF FAMILIES AND PEOPLE WHOSE INCOME IN THE PAST 12 MONTHS IS BELOW THE POVERTY LEVEL_All families_Families with female householder, no spouse present_With related children of the householder under 18 years_With related children of the householder under 5 years only"
DP03_0127M,"Margin of Error_PERCENTAGE OF FAMILIES AND PEOPLE WHOSE INCOME IN THE PAST 12 MONTHS IS BELOW THE POVERTY LEVEL_All families_Families with female householder, no spouse present_With related children of the householder under 18 years_With related children of the householder under 5 years only"
DP03_0128E,Estimate_PERCENTAGE OF FAMILIES AND PEOPLE WHOSE INCOME IN THE PAST 12 MONTHS IS BELOW THE POVERTY LEVEL_All people
DP03_0128M,Margin of Error_PERCENTAGE OF FAMILIES AND PEOPLE WHOSE INCOME IN THE PAST 12 MONTHS IS BELOW THE POVERTY LEVEL_All people
DP03_0129E,Estimate_PERCENTAGE OF FAMILIES AND PEOPLE WHOSE INCOME IN THE PAST 12 MONTHS IS BELOW THE POVERTY LEVEL_All people_Under 18 years
DP03_0129M,Margin of Error_PERCENTAGE OF FAMILIES AND PEOPLE WHOSE INCOME IN THE PAST 12 MONTHS IS BELOW THE POVERTY LEVEL_All people_Under 18 years
DP03_0130E,Estimate_PERCENTAGE OF FAMILIES AND PEOPLE WHOSE INCOME IN THE PAST 12 MONTHS IS BELOW THE POVERTY LEVEL_All people_Under 18 years_Related children of the householder under 18 years
DP03_0130M,Margin of Error_PERCENTAGE OF FAMILIES AND PEOPLE WHOSE INCOME IN THE PAST 12 MONTHS IS BELOW THE POVERTY LEVEL_All people_Under 18 years_Related children of the householder under 18 years
DP03_0131E,Estimate_PERCENTAGE OF FAMILIES AND PEOPLE WHOSE INCOME IN THE PAST 12 MONTHS IS BELOW THE POVERTY LEVEL_All people_Under 18 years_Related children of the householder under 18 years_Related children of the householder under 5 years
DP03_0131M,Margin of Error_PERCENTAGE OF FAMILIES AND PEOPLE WHOSE INCOME IN THE PAST 12 MONTHS IS BELOW THE POVERTY LEVEL_All people_Under 18 years_Related children of the householder under 18 years_Related children of the householder under 5 years
DP03_0132E,Estimate_PERCENTAGE OF FAMILIES AND PEOPLE WHOSE INCOME IN THE PAST 12 MONTHS IS BELOW THE POVERTY LEVEL_All people_Under 18 years_Related children of the householder under 18 years_Related children of the householder 5 to 17 years
DP03_0132M,Margin of Error_PERCENTAGE OF FAMILIES AND PEOPLE WHOSE INCOME IN THE PAST 12 MONTHS IS BELOW THE POVERTY LEVEL_All people_Under 18 years_Related children of the householder under 18 years_Related children of the householder 5 to 17 years
DP03_0133E,Estimate_PERCENTAGE OF FAMILIES AND PEOPLE WHOSE INCOME IN THE PAST 12 MONTHS IS BELOW THE POVERTY LEVEL_All people_18 years and over
DP03_0133M,Margin of Error_PERCENTAGE OF FAMILIES AND PEOPLE WHOSE INCOME IN THE PAST 12 MONTHS IS BELOW THE POVERTY LEVEL_All people_18 years and over
DP03_0134E,Estimate_PERCENTAGE OF FAMILIES AND PEOPLE WHOSE INCOME IN THE PAST 12 MONTHS IS BELOW THE POVERTY LEVEL_All people_18 years and over_18 to 64 years
DP03_0134M,Margin of Error_PERCENTAGE OF FAMILIES AND PEOPLE WHOSE INCOME IN THE PAST 12 MONTHS IS BELOW THE POVERTY LEVEL_All people_18 years and over_18 to 64 years
DP03_0135E,Estimate_PERCENTAGE OF FAMILIES AND PEOPLE WHOSE INCOME IN THE PAST 12 MONTHS IS BELOW THE POVERTY LEVEL_All people_18 years and over_65 years and over
DP03_0135M,Margin of Error_PERCENTAGE OF FAMILIES AND PEOPLE WHOSE INCOME IN THE PAST 12 MONTHS IS BELOW THE POVERTY LEVEL_All people_18 years and over_65 years and over
DP03_0136E,Estimate_PERCENTAGE OF FAMILIES AND PEOPLE WHOSE INCOME IN THE PAST 12 MONTHS IS BELOW THE POVERTY LEVEL_All people_People in families
DP03_0136M,Margin of Error_PERCENTAGE OF FAMILIES AND PEOPLE WHOSE INCOME IN THE PAST 12 MONTHS IS BELOW THE POVERTY LEVEL_All people_People in families
DP03_0137E,Estimate_PERCENTAGE OF FAMILIES AND PEOPLE WHOSE INCOME IN THE PAST 12 MONTHS IS BELOW THE POVERTY LEVEL_All people_Unrelated individuals 15 years and over
DP03_0137M,Margin of Error_PERCENTAGE OF FAMILIES AND PEOPLE WHOSE INCOME IN THE PAST 12 MONTHS IS BELOW THE POVERTY LEVEL_All people_Unrelated individuals 15 years and over
DP03_0001PE,Percent_EMPLOYMENT STATUS_Population 16 years and over
DP03_0001PM,Percent Margin of Error_EMPLOYMENT STATUS_Population 16 years and over
DP03_0002PE,Percent_EMPLOYMENT STATUS_Population 16 years and over_In labor force
DP03_0002PM,Percent Margin of Error_EMPLOYMENT STATUS_Population 16 years and over_In labor force
DP03_0003PE,Percent_EMPLOYMENT STATUS_Population 16 years and over_In labor force_Civilian labor force
DP03_0003PM,Percent Margin of Error_EMPLOYMENT STATUS_Population 16 years and over_In labor force_Civilian labor force
DP03_0004PE,Percent_EMPLOYMENT STATUS_Population 16 years and over_In labor force_Civilian labor force_Employed
DP03_0004PM,Percent Margin of Error_EMPLOYMENT STATUS_Population 16 years and over_In labor force_Civilian labor force_Employed
DP03_0005PE,Percent_EMPLOYMENT STATUS_Population 16 years and over_In labor force_Civilian labor force_Unemployed
DP03_0005PM,Percent Margin of Error_EMPLOYMENT STATUS_Population 16 years and over_In labor force_Civilian labor force_Unemployed
DP03_0006PE,Percent_EMPLOYMENT STATUS_Population 16 years and over_In labor force_Armed Forces
DP03_0006PM,Percent Margin of Error_EMPLOYMENT STATUS_Population 16 years and over_In labor force_Armed Forces
DP03_0007PE,Percent_EMPLOYMENT STATUS_Population 16 years and over_Not in labor force
DP03_0007PM,Percent Margin of Error_EMPLOYMENT STATUS_Population 16 years and over_Not in labor force
DP03_0008PE,Percent_EMPLOYMENT STATUS_Civilian labor force
DP03_0008PM,Percent Margin of Error_EMPLOYMENT STATUS_Civilian labor force
DP03_0009PE,Percent_EMPLOYMENT STATUS_Civilian labor force_Unemployment Rate
DP03_0009PM,Percent Margin of Error_EMPLOYMENT STATUS_Civilian labor force_Unemployment Rate
DP03_0010PE,Percent_EMPLOYMENT STATUS_Females 16 years and over
DP03_0010PM,Percent Margin of Error_EMPLOYMENT STATUS_Females 16 years and over
DP03_0011PE,Percent_EMPLOYMENT STATUS_Females 16 years and over_In labor force
DP03_0011PM,Percent Margin of Error_EMPLOYMENT STATUS_Females 16 years and over_In labor force
DP03_0012PE,Percent_EMPLOYMENT STATUS_Females 16 years and over_In labor force_Civilian labor force
DP03_0012PM,Percent Margin of Error_EMPLOYMENT STATUS_Females 16 years and over_In labor force_Civilian labor force
DP03_0013PE,Percent_EMPLOYMENT STATUS_Females 16 years and over_In labor force_Civilian labor force_Employed
DP03_0013PM,Percent Margin of Error_EMPLOYMENT STATUS_Females 16 years and over_In labor force_Civilian labor force_Employed
DP03_0014PE,Percent_EMPLOYMENT STATUS_Own children of the householder under 6 years
DP03_0014PM,Percent Margin of Error_EMPLOYMENT STATUS_Own children of the householder under 6 years
DP03_0015PE,Percent_EMPLOYMENT STATUS_Own children of the householder under 6 years_All parents in family in labor force
DP03_0015PM,Percent Margin of Error_EMPLOYMENT STATUS_Own children of the householder under 6 years_All parents in family in labor force
DP03_0016PE,Percent_EMPLOYMENT STATUS_Own children of the householder 6 to 17 years
DP03_0016PM,Percent Margin of Error_EMPLOYMENT STATUS_Own children of the householder 6 to 17 years
DP03_0017PE,Percent_EMPLOYMENT STATUS_Own children of the householder 6 to 17 years_All parents in family in labor force
DP03_0017PM,Percent Margin of Error_EMPLOYMENT STATUS_Own children of the householder 6 to 17 years_All parents in family in labor force
DP03_0018PE,Percent_COMMUTING TO WORK_Workers 16 years and over
DP03_0018PM,Percent Margin of Error_COMMUTING TO WORK_Workers 16 years and over
DP03_0019PE,"Percent_COMMUTING TO WORK_Workers 16 years and over_Car, truck, or van -- drove alone"
DP03_0019PM,"Percent Margin of Error_COMMUTING TO WORK_Workers 16 years and over_Car, truck, or van -- drove alone"
DP03_0020PE,"Percent_COMMUTING TO WORK_Workers 16 years and over_Car, truck, or van -- carpooled"
DP03_0020PM,"Percent Margin of Error_COMMUTING TO WORK_Workers 16 years and over_Car, truck, or van -- carpooled"
DP03_0021PE,Percent_COMMUTING TO WORK_Workers 16 years and over_Public transportation (excluding taxicab)
DP03_0021PM,Percent Margin of Error_COMMUTING TO WORK_Workers 16 years and over_Public transportation (excluding taxicab)
DP03_0022PE,Percent_COMMUTING TO WORK_Workers 16 years and over_Walked
DP03_0022PM,Percent Margin of Error_COMMUTING TO WORK_Workers 16 years and over_Walked
DP03_0023PE,Percent_COMMUTING TO WORK_Workers 16 years and over_Other means
DP03_0023PM,Percent Margin of Error_COMMUTING TO WORK_Workers 16 years and over_Other means
DP03_0024PE,Percent_COMMUTING TO WORK_Workers 16 years and over_Worked from home
DP03_0024PM,Percent Margin of Error_COMMUTING TO WORK_Workers 16 years and over_Worked from home
DP03_0025PE,Percent_COMMUTING TO WORK_Workers 16 years and over_Mean travel time to work (minutes)
DP03_0025PM,Percent Margin of Error_COMMUTING TO WORK_Workers 16 years and over_Mean travel time to work (minutes)
DP03_0026PE,Percent_OCCUPATION_Civilian employed population 16 years and over
DP03_0026PM,Percent Margin of Error_OCCUPATION_Civilian employed population 16 years and over
DP03_0027PE,"Percent_OCCUPATION_Civilian employed population 16 years and over_Management, business, science, and arts occupations"
DP03_0027PM,"Percent Margin of Error_OCCUPATION_Civilian employed population 16 years and over_Management, business, science, and arts occupations"
DP03_0028PE,Percent_OCCUPATION_Civilian employed population 16 years and over_Service occupations
DP03_0028PM,Percent Margin of Error_OCCUPATION_Civilian employed population 16 years and over_Service occupations
DP03_0029PE,Percent_OCCUPATION_Civilian employed population 16 years and over_Sales and office occupations
DP03_0029PM,Percent Margin of Error_OCCUPATION_Civilian employed population 16 years and over_Sales and office occupations
DP03_0030PE,"Percent_OCCUPATION_Civilian employed population 16 years and over_Natural resources, construction, and maintenance occupations"
DP03_0030PM,"Percent Margin of Error_OCCUPATION_Civilian employed population 16 years and over_Natural resources, construction, and maintenance occupations"
DP03_0031PE,"Percent_OCCUPATION_Civilian employed population 16 years and over_Production, transportation, and material moving occupations"
DP03_0031PM,"Percent Margin of Error_OCCUPATION_Civilian employed population 16 years and over_Production, transportation, and material moving occupations"
DP03_0032PE,Percent_INDUSTRY_Civilian employed population 16 years and over
DP03_0032PM,Percent Margin of Error_INDUSTRY_Civilian employed population 16 years and over
DP03_0033PE,"Percent_INDUSTRY_Civilian employed population 16 years and over_Agriculture, forestry, fishing and hunting, and mining"
DP03_0033PM,"Percent Margin of Error_INDUSTRY_Civilian employed population 16 years and over_Agriculture, forestry, fishing and hunting, and mining"
DP03_0034PE,Percent_INDUSTRY_Civilian employed population 16 years and over_Construction
DP03_0034PM,Percent Margin of Error_INDUSTRY_Civilian employed population 16 years and over_Construction
DP03_0035PE,Percent_INDUSTRY_Civilian employed population 16 years and over_Manufacturing
DP03_0035PM,Percent Margin of Error_INDUSTRY_Civilian employed population 16 years and over_Manufacturing
DP03_0036PE,Percent_INDUSTRY_Civilian employed population 16 years and over_Wholesale trade
DP03_0036PM,Percent Margin of Error_INDUSTRY_Civilian employed population 16 years and over_Wholesale trade
DP03_0037PE,Percent_INDUSTRY_Civilian employed population 16 years and over_Retail trade
DP03_0037PM,Percent Margin of Error_INDUSTRY_Civilian employed population 16 years and over_Retail trade
DP03_0038PE,"Percent_INDUSTRY_Civilian employed population 16 years and over_Transportation and warehousing, and utilities"
DP03_0038PM,"Percent Margin of Error_INDUSTRY_Civilian employed population 16 years and over_Transportation and warehousing, and utilities"
DP03_0039PE,Percent_INDUSTRY_Civilian employed population 16 years and over_Information
DP03_0039PM,Percent Margin of Error_INDUSTRY_Civilian employed population 16 years and over_Information
DP03_0040PE,"Percent_INDUSTRY_Civilian employed population 16 years and over_Finance and insurance, and real estate and rental and leasing"
DP03_0040PM,"Percent Margin of Error_INDUSTRY_Civilian employed population 16 years and over_Finance and insurance, and real estate and rental and leasing"
DP03_0041PE,"Percent_INDUSTRY_Civilian employed population 16 years and over_Professional, scientific, and management, and administrative and waste management services"
DP03_0041PM,"Percent Margin of Error_INDUSTRY_Civilian employed population 16 years and over_Professional, scientific, and management, and administrative and waste management services"
DP03_0042PE,"Percent_INDUSTRY_Civilian employed population 16 years and over_Educational services, and health care and social assistance"
DP03_0042PM,"Percent Margin of Error_INDUSTRY_Civilian employed population 16 years and over_Educational services, and health care and social assistance"
DP03_0043PE,"Percent_INDUSTRY_Civilian employed population 16 years and over_Arts, entertainment, and recreation, and accommodation and food services"
DP03_0043PM,"Percent Margin of Error_INDUSTRY_Civilian employed population 16 years and over_Arts, entertainment, and recreation, and accommodation and food services"
DP03_0044PE,"Percent_INDUSTRY_Civilian employed population 16 years and over_Other services, except public administration"
DP03_0044PM,"Percent Margin of Error_INDUSTRY_Civilian employed population 16 years and over_Other services, except public administration"
DP03_0045PE,Percent_INDUSTRY_Civilian employed population 16 years and over_Public administration
DP03_0045PM,Percent Margin of Error_INDUSTRY_Civilian employed population 16 years and over_Public administration
DP03_0046PE,Percent_CLASS OF WORKER_Civilian employed population 16 years and over
DP03_0046PM,Percent Margin of Error_CLASS OF WORKER_Civilian employed population 16 years and over
DP03_0047PE,Percent_CLASS OF WORKER_Civilian employed population 16 years and over_Private wage and salary workers
DP03_0047PM,Percent Margin of Error_CLASS OF WORKER_Civilian employed population 16 years and over_Private wage and salary workers
DP03_0048PE,Percent_CLASS OF WORKER_Civilian employed population 16 years and over_Government workers
DP03_0048PM,Percent Margin of Error_CLASS OF WORKER_Civilian employed population 16 years and over_Government workers
DP03_0049PE,Percent_CLASS OF WORKER_Civilian employed population 16 years and over_Self-employed in own not incorporated business workers
DP03_0049PM,Percent Margin of Error_CLASS OF WORKER_Civilian employed population 16 years and over_Self-employed in own not incorporated business workers
DP03_0050PE,Percent_CLASS OF WORKER_Civilian employed population 16 years and over_Unpaid family workers
DP03_0050PM,Percent Margin of Error_CLASS OF WORKER_Civilian employed population 16 years and over_Unpaid family workers
DP03_0051PE,Percent_INCOME AND BENEFITS (IN 2019 INFLATION-ADJUSTED DOLLARS)_Total households
DP03_0051PM,Percent Margin of Error_INCOME AND BENEFITS (IN 2019 INFLATION-ADJUSTED DOLLARS)_Total households
DP03_0052PE,"Percent_INCOME AND BENEFITS (IN 2019 INFLATION-ADJUSTED DOLLARS)_Total households_Less than $10,000"
DP03_0052PM,"Percent Margin of Error_INCOME AND BENEFITS (IN 2019 INFLATION-ADJUSTED DOLLARS)_Total households_Less than $10,000"
DP03_0053PE,"Percent_INCOME AND BENEFITS (IN 2019 INFLATION-ADJUSTED DOLLARS)_Total households_$10,000 to $14,999"
DP03_0053PM,"Percent Margin of Error_INCOME AND BENEFITS (IN 2019 INFLATION-ADJUSTED DOLLARS)_Total households_$10,000 to $14,999"
DP03_0054PE,"Percent_INCOME AND BENEFITS (IN 2019 INFLATION-ADJUSTED DOLLARS)_Total households_$15,000 to $24,999"
DP03_0054PM,"Percent Margin of Error_INCOME AND BENEFITS (IN 2019 INFLATION-ADJUSTED DOLLARS)_Total households_$15,000 to $24,999"
DP03_0055PE,"Percent_INCOME AND BENEFITS (IN 2019 INFLATION-ADJUSTED DOLLARS)_Total households_$25,000 to $34,999"
DP03_0055PM,"Percent Margin of Error_INCOME AND BENEFITS (IN 2019 INFLATION-ADJUSTED DOLLARS)_Total households_$25,000 to $34,999"
DP03_0056PE,"Percent_INCOME AND BENEFITS (IN 2019 INFLATION-ADJUSTED DOLLARS)_Total households_$35,000 to $49,999"
DP03_0056PM,"Percent Margin of Error_INCOME AND BENEFITS (IN 2019 INFLATION-ADJUSTED DOLLARS)_Total households_$35,000 to $49,999"
DP03_0057PE,"Percent_INCOME AND BENEFITS (IN 2019 INFLATION-ADJUSTED DOLLARS)_Total households_$50,000 to $74,999"
DP03_0057PM,"Percent Margin of Error_INCOME AND BENEFITS (IN 2019 INFLATION-ADJUSTED DOLLARS)_Total households_$50,000 to $74,999"
DP03_0058PE,"Percent_INCOME AND BENEFITS (IN 2019 INFLATION-ADJUSTED DOLLARS)_Total households_$75,000 to $99,999"
DP03_0058PM,"Percent Margin of Error_INCOME AND BENEFITS (IN 2019 INFLATION-ADJUSTED DOLLARS)_Total households_$75,000 to $99,999"
DP03_0059PE,"Percent_INCOME AND BENEFITS (IN 2019 INFLATION-ADJUSTED DOLLARS)_Total households_$100,000 to $149,999"
DP03_0059PM,"Percent Margin of Error_INCOME AND BENEFITS (IN 2019 INFLATION-ADJUSTED DOLLARS)_Total households_$100,000 to $149,999"
DP03_0060PE,"Percent_INCOME AND BENEFITS (IN 2019 INFLATION-ADJUSTED DOLLARS)_Total households_$150,000 to $199,999"
DP03_0060PM,"Percent Margin of Error_INCOME AND BENEFITS (IN 2019 INFLATION-ADJUSTED DOLLARS)_Total households_$150,000 to $199,999"
DP03_0061PE,"Percent_INCOME AND BENEFITS (IN 2019 INFLATION-ADJUSTED DOLLARS)_Total households_$200,000 or more"
DP03_0061PM,"Percent Margin of Error_INCOME AND BENEFITS (IN 2019 INFLATION-ADJUSTED DOLLARS)_Total households_$200,000 or more"
DP03_0062PE,Percent_INCOME AND BENEFITS (IN 2019 INFLATION-ADJUSTED DOLLARS)_Total households_Median household income (dollars)
DP03_0062PM,Percent Margin of Error_INCOME AND BENEFITS (IN 2019 INFLATION-ADJUSTED DOLLARS)_Total households_Median household income (dollars)
DP03_0063PE,Percent_INCOME AND BENEFITS (IN 2019 INFLATION-ADJUSTED DOLLARS)_Total households_Mean household income (dollars)
DP03_0063PM,Percent Margin of Error_INCOME AND BENEFITS (IN 2019 INFLATION-ADJUSTED DOLLARS)_Total households_Mean household income (dollars)
DP03_0064PE,Percent_INCOME AND BENEFITS (IN 2019 INFLATION-ADJUSTED DOLLARS)_Total households_With earnings
DP03_0064PM,Percent Margin of Error_INCOME AND BENEFITS (IN 2019 INFLATION-ADJUSTED DOLLARS)_Total households_With earnings
DP03_0065PE,Percent_INCOME AND BENEFITS (IN 2019 INFLATION-ADJUSTED DOLLARS)_Total households_With earnings_Mean earnings (dollars)
DP03_0065PM,Percent Margin of Error_INCOME AND BENEFITS (IN 2019 INFLATION-ADJUSTED DOLLARS)_Total households_With earnings_Mean earnings (dollars)
DP03_0066PE,Percent_INCOME AND BENEFITS (IN 2019 INFLATION-ADJUSTED DOLLARS)_Total households_With Social Security
DP03_0066PM,Percent Margin of Error_INCOME AND BENEFITS (IN 2019 INFLATION-ADJUSTED DOLLARS)_Total households_With Social Security
DP03_0067PE,Percent_INCOME AND BENEFITS (IN 2019 INFLATION-ADJUSTED DOLLARS)_Total households_With Social Security_Mean Social Security income (dollars)
DP03_0067PM,Percent Margin of Error_INCOME AND BENEFITS (IN 2019 INFLATION-ADJUSTED DOLLARS)_Total households_With Social Security_Mean Social Security income (dollars)
DP03_0068PE,Percent_INCOME AND BENEFITS (IN 2019 INFLATION-ADJUSTED DOLLARS)_Total households_With retirement income
DP03_0068PM,Percent Margin of Error_INCOME AND BENEFITS (IN 2019 INFLATION-ADJUSTED DOLLARS)_Total households_With retirement income
DP03_0069PE,Percent_INCOME AND BENEFITS (IN 2019 INFLATION-ADJUSTED DOLLARS)_Total households_With retirement income_Mean retirement income (dollars)
DP03_0069PM,Percent Margin of Error_INCOME AND BENEFITS (IN 2019 INFLATION-ADJUSTED DOLLARS)_Total households_With retirement income_Mean retirement income (dollars)
DP03_0070PE,Percent_INCOME AND BENEFITS (IN 2019 INFLATION-ADJUSTED DOLLARS)_Total households_With Supplemental Security Income
DP03_0070PM,Percent Margin of Error_INCOME AND BENEFITS (IN 2019 INFLATION-ADJUSTED DOLLARS)_Total households_With Supplemental Security Income
DP03_0071PE,Percent_INCOME AND BENEFITS (IN 2019 INFLATION-ADJUSTED DOLLARS)_Total households_With Supplemental Security Income_Mean Supplemental Security Income (dollars)
DP03_0071PM,Percent Margin of Error_INCOME AND BENEFITS (IN 2019 INFLATION-ADJUSTED DOLLARS)_Total households_With Supplemental Security Income_Mean Supplemental Security Income (dollars)
DP03_0072PE,Percent_INCOME AND BENEFITS (IN 2019 INFLATION-ADJUSTED DOLLARS)_Total households_With cash public assistance income
DP03_0072PM,Percent Margin of Error_INCOME AND BENEFITS (IN 2019 INFLATION-ADJUSTED DOLLARS)_Total households_With cash public assistance income
DP03_0073PE,Percent_INCOME AND BENEFITS (IN 2019 INFLATION-ADJUSTED DOLLARS)_Total households_With cash public assistance income_Mean cash public assistance income (dollars)
DP03_0073PM,Percent Margin of Error_INCOME AND BENEFITS (IN 2019 INFLATION-ADJUSTED DOLLARS)_Total households_With cash public assistance income_Mean cash public assistance income (dollars)
DP03_0074PE,Percent_INCOME AND BENEFITS (IN 2019 INFLATION-ADJUSTED DOLLARS)_Total households_With Food Stamp/SNAP benefits in the past 12 months
DP03_0074PM,Percent Margin of Error_INCOME AND BENEFITS (IN 2019 INFLATION-ADJUSTED DOLLARS)_Total households_With Food Stamp/SNAP benefits in the past 12 months
DP03_0075PE,Percent_INCOME AND BENEFITS (IN 2019 INFLATION-ADJUSTED DOLLARS)_Families
DP03_0075PM,Percent Margin of Error_INCOME AND BENEFITS (IN 2019 INFLATION-ADJUSTED DOLLARS)_Families
DP03_0076PE,"Percent_INCOME AND BENEFITS (IN 2019 INFLATION-ADJUSTED DOLLARS)_Families_Less than $10,000"
DP03_0076PM,"Percent Margin of Error_INCOME AND BENEFITS (IN 2019 INFLATION-ADJUSTED DOLLARS)_Families_Less than $10,000"
DP03_0077PE,"Percent_INCOME AND BENEFITS (IN 2019 INFLATION-ADJUSTED DOLLARS)_Families_$10,000 to $14,999"
DP03_0077PM,"Percent Margin of Error_INCOME AND BENEFITS (IN 2019 INFLATION-ADJUSTED DOLLARS)_Families_$10,000 to $14,999"
DP03_0078PE,"Percent_INCOME AND BENEFITS (IN 2019 INFLATION-ADJUSTED DOLLARS)_Families_$15,000 to $24,999"
DP03_0078PM,"Percent Margin of Error_INCOME AND BENEFITS (IN 2019 INFLATION-ADJUSTED DOLLARS)_Families_$15,000 to $24,999"
DP03_0079PE,"Percent_INCOME AND BENEFITS (IN 2019 INFLATION-ADJUSTED DOLLARS)_Families_$25,000 to $34,999"
DP03_0079PM,"Percent Margin of Error_INCOME AND BENEFITS (IN 2019 INFLATION-ADJUSTED DOLLARS)_Families_$25,000 to $34,999"
DP03_0080PE,"Percent_INCOME AND BENEFITS (IN 2019 INFLATION-ADJUSTED DOLLARS)_Families_$35,000 to $49,999"
DP03_0080PM,"Percent Margin of Error_INCOME AND BENEFITS (IN 2019 INFLATION-ADJUSTED DOLLARS)_Families_$35,000 to $49,999"
DP03_0081PE,"Percent_INCOME AND BENEFITS (IN 2019 INFLATION-ADJUSTED DOLLARS)_Families_$50,000 to $74,999"
DP03_0081PM,"Percent Margin of Error_INCOME AND BENEFITS (IN 2019 INFLATION-ADJUSTED DOLLARS)_Families_$50,000 to $74,999"
DP03_0082PE,"Percent_INCOME AND BENEFITS (IN 2019 INFLATION-ADJUSTED DOLLARS)_Families_$75,000 to $99,999"
DP03_0082PM,"Percent Margin of Error_INCOME AND BENEFITS (IN 2019 INFLATION-ADJUSTED DOLLARS)_Families_$75,000 to $99,999"
DP03_0083PE,"Percent_INCOME AND BENEFITS (IN 2019 INFLATION-ADJUSTED DOLLARS)_Families_$100,000 to $149,999"
DP03_0083PM,"Percent Margin of Error_INCOME AND BENEFITS (IN 2019 INFLATION-ADJUSTED DOLLARS)_Families_$100,000 to $149,999"
DP03_0084PE,"Percent_INCOME AND BENEFITS (IN 2019 INFLATION-ADJUSTED DOLLARS)_Families_$150,000 to $199,999"
DP03_0084PM,"Percent Margin of Error_INCOME AND BENEFITS (IN 2019 INFLATION-ADJUSTED DOLLARS)_Families_$150,000 to $199,999"
DP03_0085PE,"Percent_INCOME AND BENEFITS (IN 2019 INFLATION-ADJUSTED DOLLARS)_Families_$200,000 or more"
DP03_0085PM,"Percent Margin of Error_INCOME AND BENEFITS (IN 2019 INFLATION-ADJUSTED DOLLARS)_Families_$200,000 or more"
DP03_0086PE,Percent_INCOME AND BENEFITS (IN 2019 INFLATION-ADJUSTED DOLLARS)_Families_Median family income (dollars)
DP03_0086PM,Percent Margin of Error_INCOME AND BENEFITS (IN 2019 INFLATION-ADJUSTED DOLLARS)_Families_Median family income (dollars)
DP03_0087PE,Percent_INCOME AND BENEFITS (IN 2019 INFLATION-ADJUSTED DOLLARS)_Families_Mean family income (dollars)
DP03_0087PM,Percent Margin of Error_INCOME AND BENEFITS (IN 2019 INFLATION-ADJUSTED DOLLARS)_Families_Mean family income (dollars)
DP03_0088PE,Percent_INCOME AND BENEFITS (IN 2019 INFLATION-ADJUSTED DOLLARS)_Per capita income (dollars)
DP03_0088PM,Percent Margin of Error_INCOME AND BENEFITS (IN 2019 INFLATION-ADJUSTED DOLLARS)_Per capita income (dollars)
DP03_0089PE,Percent_INCOME AND BENEFITS (IN 2019 INFLATION-ADJUSTED DOLLARS)_Nonfamily households
DP03_0089PM,Percent Margin of Error_INCOME AND BENEFITS (IN 2019 INFLATION-ADJUSTED DOLLARS)_Nonfamily households
DP03_0090PE,Percent_INCOME AND BENEFITS (IN 2019 INFLATION-ADJUSTED DOLLARS)_Nonfamily households_Median nonfamily income (dollars)
DP03_0090PM,Percent Margin of Error_INCOME AND BENEFITS (IN 2019 INFLATION-ADJUSTED DOLLARS)_Nonfamily households_Median nonfamily income (dollars)
DP03_0091PE,Percent_INCOME AND BENEFITS (IN 2019 INFLATION-ADJUSTED DOLLARS)_Nonfamily households_Mean nonfamily income (dollars)
DP03_0091PM,Percent Margin of Error_INCOME AND BENEFITS (IN 2019 INFLATION-ADJUSTED DOLLARS)_Nonfamily households_Mean nonfamily income (dollars)
DP03_0092PE,Percent_INCOME AND BENEFITS (IN 2019 INFLATION-ADJUSTED DOLLARS)_Median earnings for workers (dollars)
DP03_0092PM,Percent Margin of Error_INCOME AND BENEFITS (IN 2019 INFLATION-ADJUSTED DOLLARS)_Median earnings for workers (dollars)
DP03_0093PE,"Percent_INCOME AND BENEFITS (IN 2019 INFLATION-ADJUSTED DOLLARS)_Median earnings for male full-time, year-round workers (dollars)"
DP03_0093PM,"Percent Margin of Error_INCOME AND BENEFITS (IN 2019 INFLATION-ADJUSTED DOLLARS)_Median earnings for male full-time, year-round workers (dollars)"
DP03_0094PE,"Percent_INCOME AND BENEFITS (IN 2019 INFLATION-ADJUSTED DOLLARS)_Median earnings for female full-time, year-round workers (dollars)"
DP03_0094PM,"Percent Margin of Error_INCOME AND BENEFITS (IN 2019 INFLATION-ADJUSTED DOLLARS)_Median earnings for female full-time, year-round workers (dollars)"
DP03_0095PE,Percent_HEALTH INSURANCE COVERAGE_Civilian noninstitutionalized population
DP03_0095PM,Percent Margin of Error_HEALTH INSURANCE COVERAGE_Civilian noninstitutionalized population
DP03_0096PE,Percent_HEALTH INSURANCE COVERAGE_Civilian noninstitutionalized population_With health insurance coverage
DP03_0096PM,Percent Margin of Error_HEALTH INSURANCE COVERAGE_Civilian noninstitutionalized population_With health insurance coverage
DP03_0097PE,Percent_HEALTH INSURANCE COVERAGE_Civilian noninstitutionalized population_With health insurance coverage_With private health insurance
DP03_0097PM,Percent Margin of Error_HEALTH INSURANCE COVERAGE_Civilian noninstitutionalized population_With health insurance coverage_With private health insurance
DP03_0098PE,Percent_HEALTH INSURANCE COVERAGE_Civilian noninstitutionalized population_With health insurance coverage_With public coverage
DP03_0098PM,Percent Margin of Error_HEALTH INSURANCE COVERAGE_Civilian noninstitutionalized population_With health insurance coverage_With public coverage
DP03_0099PE,Percent_HEALTH INSURANCE COVERAGE_Civilian noninstitutionalized population_No health insurance coverage
DP03_0099PM,Percent Margin of Error_HEALTH INSURANCE COVERAGE_Civilian noninstitutionalized population_No health insurance coverage
DP03_0100PE,Percent_HEALTH INSURANCE COVERAGE_Civilian noninstitutionalized population under 19 years
DP03_0100PM,Percent Margin of Error_HEALTH INSURANCE COVERAGE_Civilian noninstitutionalized population under 19 years
DP03_0101PE,Percent_HEALTH INSURANCE COVERAGE_Civilian noninstitutionalized population under 19 years_No health insurance coverage
DP03_0101PM,Percent Margin of Error_HEALTH INSURANCE COVERAGE_Civilian noninstitutionalized population under 19 years_No health insurance coverage
DP03_0102PE,Percent_HEALTH INSURANCE COVERAGE_Civilian noninstitutionalized population 19 to 64 years
DP03_0102PM,Percent Margin of Error_HEALTH INSURANCE COVERAGE_Civilian noninstitutionalized population 19 to 64 years
DP03_0103PE,Percent_HEALTH INSURANCE COVERAGE_Civilian noninstitutionalized population 19 to 64 years_In labor force:
DP03_0103PM,Percent Margin of Error_HEALTH INSURANCE COVERAGE_Civilian noninstitutionalized population 19 to 64 years_In labor force:
DP03_0104PE,Percent_HEALTH INSURANCE COVERAGE_Civilian noninstitutionalized population 19 to 64 years_In labor force:_Employed:
DP03_0104PM,Percent Margin of Error_HEALTH INSURANCE COVERAGE_Civilian noninstitutionalized population 19 to 64 years_In labor force:_Employed:
DP03_0105PE,Percent_HEALTH INSURANCE COVERAGE_Civilian noninstitutionalized population 19 to 64 years_In labor force:_Employed:_With health insurance coverage
DP03_0105PM,Percent Margin of Error_HEALTH INSURANCE COVERAGE_Civilian noninstitutionalized population 19 to 64 years_In labor force:_Employed:_With health insurance coverage
DP03_0106PE,Percent_HEALTH INSURANCE COVERAGE_Civilian noninstitutionalized population 19 to 64 years_In labor force:_Employed:_With health insurance coverage_With private health insurance
DP03_0106PM,Percent Margin of Error_HEALTH INSURANCE COVERAGE_Civilian noninstitutionalized population 19 to 64 years_In labor force:_Employed:_With health insurance coverage_With private health insurance
DP03_0107PE,Percent_HEALTH INSURANCE COVERAGE_Civilian noninstitutionalized population 19 to 64 years_In labor force:_Employed:_With health insurance coverage_With public coverage
DP03_0107PM,Percent Margin of Error_HEALTH INSURANCE COVERAGE_Civilian noninstitutionalized population 19 to 64 years_In labor force:_Employed:_With health insurance coverage_With public coverage
DP03_0108PE,Percent_HEALTH INSURANCE COVERAGE_Civilian noninstitutionalized population 19 to 64 years_In labor force:_Employed:_No health insurance coverage
DP03_0108PM,Percent Margin of Error_HEALTH INSURANCE COVERAGE_Civilian noninstitutionalized population 19 to 64 years_In labor force:_Employed:_No health insurance coverage
DP03_0109PE,Percent_HEALTH INSURANCE COVERAGE_Civilian noninstitutionalized population 19 to 64 years_In labor force:_Unemployed:
DP03_0109PM,Percent Margin of Error_HEALTH INSURANCE COVERAGE_Civilian noninstitutionalized population 19 to 64 years_In labor force:_Unemployed:
DP03_0110PE,Percent_HEALTH INSURANCE COVERAGE_Civilian noninstitutionalized population 19 to 64 years_In labor force:_Unemployed:_With health insurance coverage
DP03_0110PM,Percent Margin of Error_HEALTH INSURANCE COVERAGE_Civilian noninstitutionalized population 19 to 64 years_In labor force:_Unemployed:_With health insurance coverage
DP03_0111PE,Percent_HEALTH INSURANCE COVERAGE_Civilian noninstitutionalized population 19 to 64 years_In labor force:_Unemployed:_With health insurance coverage_With private health insurance
DP03_0111PM,Percent Margin of Error_HEALTH INSURANCE COVERAGE_Civilian noninstitutionalized population 19 to 64 years_In labor force:_Unemployed:_With health insurance coverage_With private health insurance
DP03_0112PE,Percent_HEALTH INSURANCE COVERAGE_Civilian noninstitutionalized population 19 to 64 years_In labor force:_Unemployed:_With health insurance coverage_With public coverage
DP03_0112PM,Percent Margin of Error_HEALTH INSURANCE COVERAGE_Civilian noninstitutionalized population 19 to 64 years_In labor force:_Unemployed:_With health insurance coverage_With public coverage
DP03_0113PE,Percent_HEALTH INSURANCE COVERAGE_Civilian noninstitutionalized population 19 to 64 years_In labor force:_Unemployed:_No health insurance coverage
DP03_0113PM,Percent Margin of Error_HEALTH INSURANCE COVERAGE_Civilian noninstitutionalized population 19 to 64 years_In labor force:_Unemployed:_No health insurance coverage
DP03_0114PE,Percent_HEALTH INSURANCE COVERAGE_Civilian noninstitutionalized population 19 to 64 years_Not in labor force:
DP03_0114PM,Percent Margin of Error_HEALTH INSURANCE COVERAGE_Civilian noninstitutionalized population 19 to 64 years_Not in labor force:
DP03_0115PE,Percent_HEALTH INSURANCE COVERAGE_Civilian noninstitutionalized population 19 to 64 years_Not in labor force:_With health insurance coverage
DP03_0115PM,Percent Margin of Error_HEALTH INSURANCE COVERAGE_Civilian noninstitutionalized population 19 to 64 years_Not in labor force:_With health insurance coverage
DP03_0116PE,Percent_HEALTH INSURANCE COVERAGE_Civilian noninstitutionalized population 19 to 64 years_Not in labor force:_With health insurance coverage_With private health insurance
DP03_0116PM,Percent Margin of Error_HEALTH INSURANCE COVERAGE_Civilian noninstitutionalized population 19 to 64 years_Not in labor force:_With health insurance coverage_With private health insurance
DP03_0117PE,Percent_HEALTH INSURANCE COVERAGE_Civilian noninstitutionalized population 19 to 64 years_Not in labor force:_With health insurance coverage_With public coverage
DP03_0117PM,Percent Margin of Error_HEALTH INSURANCE COVERAGE_Civilian noninstitutionalized population 19 to 64 years_Not in labor force:_With health insurance coverage_With public coverage
DP03_0118PE,Percent_HEALTH INSURANCE COVERAGE_Civilian noninstitutionalized population 19 to 64 years_Not in labor force:_No health insurance coverage
DP03_0118PM,Percent Margin of Error_HEALTH INSURANCE COVERAGE_Civilian noninstitutionalized population 19 to 64 years_Not in labor force:_No health insurance coverage
DP03_0119PE,Percent_PERCENTAGE OF FAMILIES AND PEOPLE WHOSE INCOME IN THE PAST 12 MONTHS IS BELOW THE POVERTY LEVEL_All families
DP03_0119PM,Percent Margin of Error_PERCENTAGE OF FAMILIES AND PEOPLE WHOSE INCOME IN THE PAST 12 MONTHS IS BELOW THE POVERTY LEVEL_All families
DP03_0120PE,Percent_PERCENTAGE OF FAMILIES AND PEOPLE WHOSE INCOME IN THE PAST 12 MONTHS IS BELOW THE POVERTY LEVEL_All families_With related children of the householder under 18 years
DP03_0120PM,Percent Margin of Error_PERCENTAGE OF FAMILIES AND PEOPLE WHOSE INCOME IN THE PAST 12 MONTHS IS BELOW THE POVERTY LEVEL_All families_With related children of the householder under 18 years
DP03_0121PE,Percent_PERCENTAGE OF FAMILIES AND PEOPLE WHOSE INCOME IN THE PAST 12 MONTHS IS BELOW THE POVERTY LEVEL_All families_With related children of the householder under 18 years_With related children of the householder under 5 years only
DP03_0121PM,Percent Margin of Error_PERCENTAGE OF FAMILIES AND PEOPLE WHOSE INCOME IN THE PAST 12 MONTHS IS BELOW THE POVERTY LEVEL_All families_With related children of the householder under 18 years_With related children of the householder under 5 years only
DP03_0122PE,Percent_PERCENTAGE OF FAMILIES AND PEOPLE WHOSE INCOME IN THE PAST 12 MONTHS IS BELOW THE POVERTY LEVEL_All families_Married couple families
DP03_0122PM,Percent Margin of Error_PERCENTAGE OF FAMILIES AND PEOPLE WHOSE INCOME IN THE PAST 12 MONTHS IS BELOW THE POVERTY LEVEL_All families_Married couple families
DP03_0123PE,Percent_PERCENTAGE OF FAMILIES AND PEOPLE WHOSE INCOME IN THE PAST 12 MONTHS IS BELOW THE POVERTY LEVEL_All families_Married couple families_With related children of the householder under 18 years
DP03_0123PM,Percent Margin of Error_PERCENTAGE OF FAMILIES AND PEOPLE WHOSE INCOME IN THE PAST 12 MONTHS IS BELOW THE POVERTY LEVEL_All families_Married couple families_With related children of the householder under 18 years
DP03_0124PE,Percent_PERCENTAGE OF FAMILIES AND PEOPLE WHOSE INCOME IN THE PAST 12 MONTHS IS BELOW THE POVERTY LEVEL_All families_Married couple families_With related children of the householder under 18 years_With related children of the householder under 5 years only
DP03_0124PM,Percent Margin of Error_PERCENTAGE OF FAMILIES AND PEOPLE WHOSE INCOME IN THE PAST 12 MONTHS IS BELOW THE POVERTY LEVEL_All families_Married couple families_With related children of the householder under 18 years_With related children of the householder under 5 years only
DP03_0125PE,"Percent_PERCENTAGE OF FAMILIES AND PEOPLE WHOSE INCOME IN THE PAST 12 MONTHS IS BELOW THE POVERTY LEVEL_All families_Families with female householder, no spouse present"
DP03_0125PM,"Percent Margin of Error_PERCENTAGE OF FAMILIES AND PEOPLE WHOSE INCOME IN THE PAST 12 MONTHS IS BELOW THE POVERTY LEVEL_All families_Families with female householder, no spouse present"
DP03_0126PE,"Percent_PERCENTAGE OF FAMILIES AND PEOPLE WHOSE INCOME IN THE PAST 12 MONTHS IS BELOW THE POVERTY LEVEL_All families_Families with female householder, no spouse present_With related children of the householder under 18 years"
DP03_0126PM,"Percent Margin of Error_PERCENTAGE OF FAMILIES AND PEOPLE WHOSE INCOME IN THE PAST 12 MONTHS IS BELOW THE POVERTY LEVEL_All families_Families with female householder, no spouse present_With related children of the householder under 18 years"
DP03_0127PE,"Percent_PERCENTAGE OF FAMILIES AND PEOPLE WHOSE INCOME IN THE PAST 12 MONTHS IS BELOW THE POVERTY LEVEL_All families_Families with female householder, no spouse present_With related children of the householder under 18 years_With related children of the householder under 5 years only"
DP03_0127PM,"Percent Margin of Error_PERCENTAGE OF FAMILIES AND PEOPLE WHOSE INCOME IN THE PAST 12 MONTHS IS BELOW THE POVERTY LEVEL_All families_Families with female householder, no spouse present_With related children of the householder under 18 years_With related children of the householder under 5 years only"
DP03_0128PE,Percent_PERCENTAGE OF FAMILIES AND PEOPLE WHOSE INCOME IN THE PAST 12 MONTHS IS BELOW THE POVERTY LEVEL_All people
DP03_0128PM,Percent Margin of Error_PERCENTAGE OF FAMILIES AND PEOPLE WHOSE INCOME IN THE PAST 12 MONTHS IS BELOW THE POVERTY LEVEL_All people
DP03_0129PE,Percent_PERCENTAGE OF FAMILIES AND PEOPLE WHOSE INCOME IN THE PAST 12 MONTHS IS BELOW THE POVERTY LEVEL_All people_Under 18 years
DP03_0129PM,Percent Margin of Error_PERCENTAGE OF FAMILIES AND PEOPLE WHOSE INCOME IN THE PAST 12 MONTHS IS BELOW THE POVERTY LEVEL_All people_Under 18 years
DP03_0130PE,Percent_PERCENTAGE OF FAMILIES AND PEOPLE WHOSE INCOME IN THE PAST 12 MONTHS IS BELOW THE POVERTY LEVEL_All people_Under 18 years_Related children of the householder under 18 years
DP03_0130PM,Percent Margin of Error_PERCENTAGE OF FAMILIES AND PEOPLE WHOSE INCOME IN THE PAST 12 MONTHS IS BELOW THE POVERTY LEVEL_All people_Under 18 years_Related children of the householder under 18 years
DP03_0131PE,Percent_PERCENTAGE OF FAMILIES AND PEOPLE WHOSE INCOME IN THE PAST 12 MONTHS IS BELOW THE POVERTY LEVEL_All people_Under 18 years_Related children of the householder under 18 years_Related children of the householder under 5 years
DP03_0131PM,Percent Margin of Error_PERCENTAGE OF FAMILIES AND PEOPLE WHOSE INCOME IN THE PAST 12 MONTHS IS BELOW THE POVERTY LEVEL_All people_Under 18 years_Related children of the householder under 18 years_Related children of the householder under 5 years
DP03_0132PE,Percent_PERCENTAGE OF FAMILIES AND PEOPLE WHOSE INCOME IN THE PAST 12 MONTHS IS BELOW THE POVERTY LEVEL_All people_Under 18 years_Related children of the householder under 18 years_Related children of the householder 5 to 17 years
DP03_0132PM,Percent Margin of Error_PERCENTAGE OF FAMILIES AND PEOPLE WHOSE INCOME IN THE PAST 12 MONTHS IS BELOW THE POVERTY LEVEL_All people_Under 18 years_Related children of the householder under 18 years_Related children of the householder 5 to 17 years
DP03_0133PE,Percent_PERCENTAGE OF FAMILIES AND PEOPLE WHOSE INCOME IN THE PAST 12 MONTHS IS BELOW THE POVERTY LEVEL_All people_18 years and over
DP03_0133PM,Percent Margin of Error_PERCENTAGE OF FAMILIES AND PEOPLE WHOSE INCOME IN THE PAST 12 MONTHS IS BELOW THE POVERTY LEVEL_All people_18 years and over
DP03_0134PE,Percent_PERCENTAGE OF FAMILIES AND PEOPLE WHOSE INCOME IN THE PAST 12 MONTHS IS BELOW THE POVERTY LEVEL_All people_18 years and over_18 to 64 years
DP03_0134PM,Percent Margin of Error_PERCENTAGE OF FAMILIES AND PEOPLE WHOSE INCOME IN THE PAST 12 MONTHS IS BELOW THE POVERTY LEVEL_All people_18 years and over_18 to 64 years
DP03_0135PE,Percent_PERCENTAGE OF FAMILIES AND PEOPLE WHOSE INCOME IN THE PAST 12 MONTHS IS BELOW THE POVERTY LEVEL_All people_18 years and over_65 years and over
DP03_0135PM,Percent Margin of Error_PERCENTAGE OF FAMILIES AND PEOPLE WHOSE INCOME IN THE PAST 12 MONTHS IS BELOW THE POVERTY LEVEL_All people_18 years and over_65 years and over
DP03_0136PE,Percent_PERCENTAGE OF FAMILIES AND PEOPLE WHOSE INCOME IN THE PAST 12 MONTHS IS BELOW THE POVERTY LEVEL_All people_People in families
DP03_0136PM,Percent Margin of Error_PERCENTAGE OF FAMILIES AND PEOPLE WHOSE INCOME IN THE PAST 12 MONTHS IS BELOW THE POVERTY LEVEL_All people_People in families
DP03_0137PE,Percent_PERCENTAGE OF FAMILIES AND PEOPLE WHOSE INCOME IN THE PAST 12 MONTHS IS BELOW THE POVERTY LEVEL_All people_Unrelated individuals 15 years and over
DP03_0137PM,Percent Margin of Error_PERCENTAGE OF FAMILIES AND PEOPLE WHOSE INCOME IN THE PAST 12 MONTHS IS BELOW THE POVERTY LEVEL_All people_Unrelated individuals 15 years and over
